{"name":"Simple-masonry-filter","tagline":"Inspired by multiple-filter-masonry, extends the masonry plugin by David DeSandro adding the ability to filter items via a callback filter method.","body":"Simple-Masonry-Filter\r\n=====================\r\n\r\nInspired by multiple-filter-masonry, extends the masonry plugin by David DeSandro adding the ability to filter items via a callback filter method.\r\n","google":"","note":"Don't delete this file! It's used internally to help with page regeneration."}